INSERT INTO logistics.authentication_info(id,username,password,role)
VALUES
(1,'admin','$2y$10$VH4fepv5.3LMT/LDjGrVweVbVIh5o/R/vgQYhkYnbDr/mF7B7Na9y','ROLE_ADMIN'),
(1201,'joseph_green','$2y$10$36cFtnogpMgK4QPvp030N.FcrEoZyc27eciJL.1X1umPkTZku9WXW','ROLE_LOGISTICIAN'),
(1202,'ronald_watson','$2y$10$h1mSukNy13rVgnxpo3JVO.hjZ6yKSb21j7VT7zQPw3IaytuvBzLRG','ROLE_LOGISTICIAN'),
(1203,'anthony_gray','$2y$10$7d4QdSWPMarGoagDKi7nEuZhRnoN9AjAqWH92Y9EPlTAUloFfp/GW','ROLE_LOGISTICIAN'),
(1204,'mark_sanders','$2y$10$uxmG5cVzUqazOaDFupuSN.DlU.Rw/c7uHQ279QCypiurefb3btyiy','ROLE_LOGISTICIAN'),
(1205,'thomas_price','$2y$10$jIahwwatkRZAlaDHjMOXAulkidROf0ycOQVCGEQhD1xZXErtLyeiO','ROLE_LOGISTICIAN'),
(153001,'charley_adams','$2y$10$/E3PqVaYjV5xdWzJGj8S2eW8q7UX0JEzTQuy0qGo2qbAa6nRRu8Bq','ROLE_DRIVER'),
(153002,'lincoln_ballard','$2y$10$783kCuXzqu0UnjAOp/EsTuzbZi9pUGmeLi85zS5TzjrWS3BcCUAq2','ROLE_DRIVER'),
(153003,'spencer_allen','$2y$10$.OPFhJveUO987mSauf9wQOcBbTC.T/TbxFrg/plsiT2xsSxbCRZ2.','ROLE_DRIVER'),
(153004,'duncan_dixon','$2y$10$9wpat56i/f7m8EhX0ojY5upGyB4u1fMT1bFEYNGJgFSKnoskRuKeC','ROLE_DRIVER'),
(153005,'ricardo_middleton','$2y$10$b6c8/R5jQO/tA4zVVBlteO0FqUyeMEpB5t6W6xSEAz6HzywFM7Gzi','ROLE_DRIVER'),
(153006,'luc_tyler','$2y$10$zBFHJSWazykoSEox9KZY3.bvoCJ8Tfcfa5Uv8Pm.lqCXQPB1Jf6uy','ROLE_DRIVER'),
(153007,'pablo_chavez','$2y$10$r0V/Vw9KBItVhp3RPRnPEedNjf.gyia7h6Ee1L70e8f5LiJrbIXyK','ROLE_DRIVER'),
(153008,'laurence_king','$2y$10$JQ/x73ftFzlnYEvBOfhP3.OnnEBCZwVsyQ7ehrjoAnPhwMUIH6aK6','ROLE_DRIVER'),
(153009,'lester_kelly','$2y$10$KRDDE2kisj/nlFiVOEE5i.E.lW.ZjfK0vFycFKCWkLre5Ik7.hqfS','ROLE_DRIVER'),
(153010,'arthur_collins','$2y$10$bUyUOmWs9kGr1Io5OsJC6.JgraCorIlN60FDYVRoMxe0AcaDlhK6S','ROLE_DRIVER'),
(153011,'ross_sullivan','$2y$10$e1LOJHHfWVYqVC304AFtp.ZTqSpKI9YvAPv8QXx7fLRu1jsU2NbDy','ROLE_DRIVER'),
(153012,'erica_sanchez','$2y$10$KG2AbFaZeWUfnk9P/OmC3OuaFK6cHwv0yGSCllKBfWMLv0x0emQh6','ROLE_DRIVER'),
(153013,'steven_taylor','$2y$10$3bgQU19JnALd0pmNo4.hR.h3VH2mmQfqrK81Kw78.J3GOqaVhfhRy','ROLE_DRIVER'),
(153014,'sid_larson','$2y$10$bfkzirgBDcuW7SnoL.WiceE8Mcw3nv1.Uc4dc/9.N62cKEy69z/tq','ROLE_DRIVER'),
(153015,'john_short','$2y$10$JFZNupQITgV1.as5DwQm3eKDPJbuQCNvdJJIc.78nNftNnAfmKzOm','ROLE_DRIVER'),
(153016,'edgar_morgan','$2y$10$8QImyQQ5uOSte.RuEImJ.ey4L0aOP5Mq3SUwMBCQhzFV2L/wM3BOq','ROLE_DRIVER'),
(153017,'jerry_griffith','$2y$10$JPKfIZFqBZSwC6RjIJsr5u.iuv0MHrTpxCm/BvNJ0epn9ccEWFFEO','ROLE_DRIVER'),
(153018,'chester_bowman','$2y$10$6qZQrySkhJH4eA6xE165CuRhJRL5vlHDHlujXkbpT1DAuAvu/LdCa','ROLE_DRIVER'),
(153019,'victor_bruce','$2y$10$9Pw1fqNtiCGUej6THvferOB/2hv/ngSaw.MwHyblPXlS267x06vpC','ROLE_DRIVER'),
(153020,'douglas_wall','$2y$10$yCAEeXaxSpnvRNfL7fPuO.OhBKFKD9mUaLxnwCtxuD8P7gYrrrfJu','ROLE_DRIVER'),
(153021,'madison_connor','$2y$10$FcTYzryLMYWhamI4Y2tBkOiuvLTt9OKZ0Sr5PD8F.abzCTMBbLjxe','ROLE_DRIVER'),
(153022,'virginia_marshall','$2y$10$3bjekPeB8TzmOPnFGCmaVuCrYMlwNFgvgcGIGvc9xwxpZ7EyzKZFW','ROLE_DRIVER'),
(153023,'adrian_stafford','$2y$10$VFr7z7ikj5t2s.51WvJvge7xBNYgvKTUhX2EMm.fHDtStKNrO.e/K','ROLE_DRIVER'),
(153024,'douglas_bright','$2y$10$K6lprLJAkJ022SQKrkm1l.jiJ77IrDi.gIVc6nx.8rsNSIN2yGqTm','ROLE_DRIVER'),
(153025,'max_wilson','$2y$10$MIVNVvrDQtIu1/u2g1VMzeZZf6Ld.dvjHneI/u2IrgJdjlErFz9Za','ROLE_DRIVER'),
(153026,'todd_holloway','$2y$10$UViLsi.rlZe1G/LLwcRcjOE2aj7fxDJAVFjeaTZQLO2pIPalMqBCm','ROLE_DRIVER'),
(153027,'tomas_noble','$2y$10$r2FQbqumZIhcko0U7abkJ.n.b1MbL3Rv3RWSPdlVVPlc37q5ImFz2','ROLE_DRIVER'),
(153028,'joshua_connolly','$2y$10$qY7hjUu0/j6rM8We4OITrOOLWtYXxviXHYzzR5R1AG8C2qHhbYagO','ROLE_DRIVER'),
(153029,'wade_durham','$2y$10$SQRkhQ8fBEhGqr/gPu.yLexVhJs9/38jb13KyDXqqPpJ29mQhJRHi','ROLE_DRIVER'),
(153030,'damien_herman','$2y$10$OFb8P9.lpZfV3hxvfKCIg.1VlwnM8g8ODuapTB.g74x/T2hTSjmXS','ROLE_DRIVER'),
(153031,'brendon_morales','$2y$10$V6B54jkRpQU99ca/T9x7luM0gLLr6tyFvC5eSFitwoyQ6fBwNJX6y','ROLE_DRIVER'),
(153032,'norman_preston','$2y$10$ewsEJoY83Nd3wF0R7CyX2uW1RjbzJYUc9geP7f3ENf8sea/RmOTiy','ROLE_DRIVER'),
(153033,'ricky_jennings','$2y$10$Td6gFobW4xLQdObeatkHLeIHGAVv49H7nSrDawa6VnlKfVSZXeY6W','ROLE_DRIVER'),
(153034,'lenny_johns','$2y$10$YS.5B.LS8qh.jcNTYk5ru.cbg9Bi4WFYRhnZi7FIpWfiTgWzcPEgK','ROLE_DRIVER'),
(153035,'clark_mitchell','$2y$10$.ssjMHnAFT.GS3v/xdOzo.XNCBV5oLmqNyPlZsHPykos7TxhEDInO','ROLE_DRIVER'),
(153036,'harley_henderson','$2y$10$2tOGV1OJTMg69SAO3ZsuQujsCaMfecYSHAVb2iqjbnNhyjxJKTEwO','ROLE_DRIVER'),
(153037,'dawson_tate','$2y$10$WB.MN87PFkTQrv.zv6GQAedjDiRkoSCw03CZUzotw8Z4RKcn/tx2u','ROLE_DRIVER'),
(153038,'gerald_rowland','$2y$10$K5wcXS6sOJy.djrxPDOtGeUU529hqI7ePpLkOzFszh4nl.54eiQoe','ROLE_DRIVER'),
(153039,'sebastien_webb','$2y$10$lZmanvQeWBFWmRbCNe8Tw.TSqoVN2T3SxDPkQBdd.HRbjaRhxdQRK','ROLE_DRIVER'),
(153040,'mario_bird','$2y$10$f0RhZ0Js6ZhMF908K6EAe.cRAVnozqIq9rWyKGEQTo3rXNGdLB00G','ROLE_DRIVER'),
(153041,'jonathan_campbell','$2y$10$8OwsyAFKXXEZucc8.NCu4eem0RBNF4dpN5y/OFd5KxKDfOwpvU3AW','ROLE_DRIVER'),
(153042,'mathew_stone','$2y$10$VsZNTvMX5SbQNUqCh2dG6eKQ9mnbTa3ogKPBBI7/HI9URWm30phmi','ROLE_DRIVER'),
(153043,'walter_lloyd','$2y$10$EPWFVXdLDiCfPlh6j67LjOC.PvGSmBRAqbW1Xj8UWyVu8QF8Ia78C','ROLE_DRIVER'),
(153044,'ernest_carrillo','$2y$10$vcz0HZGGHohJtQhEprc6aeYxxBdOV9mdPMng0LocUH94y12sAQOua','ROLE_DRIVER'),
(153045,'steve_house','$2y$10$zY5Vdw7mYnwatl/h8tSMoeyRGM3BEIy8rLFIWM1DuJEytQgAdoIau','ROLE_DRIVER'),
(153046,'hope_mckenzie','$2y$10$hVFBiXVr0fA1.zeHMuug2.inumf.o9UlhZL08JjCTNvP6UN4DA4/q','ROLE_DRIVER'),
(153047,'eliot_mathews','$2y$10$PtMeZwaKXhBXWMKt3HxbPeJUBHYpdCsx2zUt/anaqCVl4.o/Hvahe','ROLE_DRIVER'),
(153048,'edgar_harrison','$2y$10$qPQtnbyaoGATf6Twv0CY9e4Yi0ztLhj0aW.vfkw2y2iMA5I9muHI.','ROLE_DRIVER'),
(153049,'roger_moore','$2y$10$yFxKXC6oGHbNBt1Z91uXXuhwmwsgHz9jLvLhZNlHCIinMtf1qhoKO','ROLE_DRIVER'),
(153050,'peter_schneider','$2y$10$UUgn.WsWUH2qUjVGIq92J.tyNIk.wGk6P0HNZ24G4zT2xRxPcObyG','ROLE_DRIVER'),
(153051,'andrew_whitney','$2y$10$HC3hS53J4F3AYApUfV5bbewXBbV3kje5VckyZj/6QrN9RssHasDgC','ROLE_DRIVER'),
(153052,'tyler_long','$2y$10$lKfsvimLQBfFauWyrmuFvOsoNnGvJzmG5veNBJipQugOpfC0rwjQq','ROLE_DRIVER'),
(153053,'earl_johnson','$2y$10$MWaqeRcLxG3NnHkS6fVbzOncDcDl/vNyv2Imr7lpMswStaGbpQfQm','ROLE_DRIVER'),
(153054,'denzel_white','$2y$10$1IuKtzT2Bda9Zj.BcWY6LuFHj5iML4JlqTm8IDJ5NEBlmRQJk6lKy','ROLE_DRIVER'),
(153055,'rick_dunlop','$2y$10$ERoUnjcrDNXlcNCUwRh4m.OzI3uqFBxTm.L53ax5otA3IZ21M0R8G','ROLE_DRIVER'),
(153056,'robert_marsh','$2y$10$4X3vn2Gz2.TPlnUE3xkVCOQgIxA0MG88/Aua6AZO0ZWWkA9VD.Mja','ROLE_DRIVER'),
(153057,'joseph_carter','$2y$10$x4XxOs2B1UHDjbT49GnhNuyINq75canwlIn1Oyd3Aeo0qe9Xw6MUm','ROLE_DRIVER'),
(153058,'marcel_finch','$2y$10$auwKktlCKR5erqJXt0w7neOoDqFlxqPPWkn4ftz7Qj0I5oBPyyYUK','ROLE_DRIVER'),
(153059,'denis_bitty','$2y$10$CzmUJ/h7bhlq/StiL6bsluA71itFqNkIfUkQut3VgrA83OcNR1pai','ROLE_DRIVER'),
(153060,'randy_ramirez','$2y$10$54bFORvIXqYCC/R14Cid7.bPNeBTMa87e2dVYJGThjj3DPzfeDhha','ROLE_DRIVER'),
(153061,'david_cline','$2y$10$qxtGwFSFGzLfVGopRs6xmeyLCRwuTmn/oPVui1ttZQEQOXg17ydP6','ROLE_DRIVER'),
(153062,'marc_moody','$2y$10$./x3VOOehUllF/TX4/cG.uoTYqetwelOUXpwgFXCr4scLvq/b.yny','ROLE_DRIVER'),
(153063,'jack_wallace','$2y$10$oSKkyHUUIrPU8MqKwN9eCu0I.eMgHp7BMZOA95nGzh.7ajaYJdjhK','ROLE_DRIVER'),
(153064,'edgar_galvan','$2y$10$T3r6T7YrhbDJNxyTTC4hVeFKXGAcoFx6MiioyZM9xMRDOzJeh.aJq','ROLE_DRIVER'),
(153065,'jose_perez','$2y$10$rnAef5pwRiF/6b6OvQC9GuuNU/Q9JfWmr3/j0CkQ.W1FboVS5o426','ROLE_DRIVER'),
(153066,'seamus_estrada','$2y$10$5iJEGPTYdAEij9X8eNZeR.N5PsmGN6DUUvlBayjyqC3GxY7YH41Di','ROLE_DRIVER'),
(153067,'joel_foley','$2y$10$4gQKcBCIKG3jHeYPcjJywu2s2NICjgyTfmWES5X29f40sHmgDpaP2','ROLE_DRIVER'),
(153068,'bill_howard','$2y$10$yAuckgTfk6AIfX3IQdOm1euv18V5m7xyH/Lqh33n47OJ7O0MlH7W2','ROLE_DRIVER'),
(153069,'spencer_callahan','$2y$10$w2V1ix6y1ldpKlUFbIimbuOAPPa2zexU7h50HDo4qsUqdC3pq1Fr2','ROLE_DRIVER'),
(153070,'ben_potter','$2y$10$X9eRH0NB0EC8OCnBsUVobOSGovBoI1vF2u64ZVYNH.Ae9yqNCbRGu','ROLE_DRIVER'),
(153071,'lyndon_brown','$2y$10$EkHSVR1Kj6VeATJRudOaz.NomCqpsJNJ8TM8eYIIqTn4btmV5l8DW','ROLE_DRIVER'),
(153072,'lester_perkins','$2y$10$ORPcdCeDut4ZLeI4r8rbzOOECal7ynUkreinIMgOuNkADvj9uDEg2','ROLE_DRIVER'),
(153073,'oliver_rogers','$2y$10$OuEIEy75Iv06zBRcd6Fd9uYDjIo2t7ptjIeFNYq9tWq2vgIxHgHju','ROLE_DRIVER'),
(153074,'edwin_gilmore','$2y$10$IHX8MZNdYJ.Niq8ccrsWj.HZhM5vov7ST/d4SunggScmJ67SoSbnS','ROLE_DRIVER'),
(153075,'floyd_williams','$2y$10$02I7XsAFepRGhaXNaTejJuKfU2difH8jMOr3iQwfh1QZzUcNyUxHS','ROLE_DRIVER'),
(153076,'james_miller','$2y$10$.VOc7qh2RkPpaUmliKMcCeq7l5DyeENCTZMl.oCg3HL/XvMsS1.ri','ROLE_DRIVER'),
(153077,'jeremy_monroe','$2y$10$tObjcZqXvBbQsLqyrqpER.f0Ud4dSDJMWgvY.bYXOW098y5smZaTq','ROLE_DRIVER'),
(153078,'frederick_holman','$2y$10$mNd6cFLyYFSKsuvPWutZ1ewqJ053FEyVE5CdIBVzoO7OSJtbNsrG6','ROLE_DRIVER'),
(153079,'conrad_hall','$2y$10$k.VO1ilnRgBwa/npZEfuKOXo28JzotRQx1FlKe7yACe5nJ0kFGC8m','ROLE_DRIVER'),
(153080,'erin_donnelly','$2y$10$NCIJpVhjUKzLzOqRhWXzqOmr1k0V.lrLiIz8haTJjEm0qpIFFU1de','ROLE_DRIVER'),
(153081,'conor_reed','$2y$10$FSKyl1FzgnJDHim0rUeiEu0TyilA/q/0pmYCZyL8mpvcM7jVt.wQe','ROLE_DRIVER'),
(153082,'steven_lewis','$2y$10$WT4Fc9QKYKEjF2JuLkQt/ObMQQRN8M6kImKQWNK9m6ieTeotPsRYS','ROLE_DRIVER'),
(153083,'jared_haynes','$2y$10$YfteQkDESAEdxKozkQVWFOkxLJl1pcIy/J3DwdiXSK7QhZ6E/c6Bm','ROLE_DRIVER'),
(153084,'kyle_young','$2y$10$dEQlOJRFnS.NjM7KGsHeyumCb0lVIkvaTpDmQRx7ukn/LdwlxlnOS','ROLE_DRIVER'),
(153085,'damian_rhodes','$2y$10$2FdBcbdRwOC5cF2wCzouOOZ/58LBF5iX0/Nzp39gkpWtCptUK/8L6','ROLE_DRIVER'),
(153086,'dillan_torres','$2y$10$U2mKhJ8Yspw2aXhwTZV45O2ky7Z9kAy5CrG1yBQREV/n65T/xfzJm','ROLE_DRIVER'),
(153087,'wesley_winter','$2y$10$q7Xv7VISSrgTdfdzXnpvz.B/3ldGLqtiBIaye5NRdVjK5QIQWfAzS','ROLE_DRIVER'),
(153088,'viktor_hurst','$2y$10$8CHjOY6VJS31.UNmm5KEd.2V8vTkAWEN1UJzL9vh8jKKMuHuuxVWG','ROLE_DRIVER'),
(153089,'maximilian_barlow','$2y$10$rwceSOz/Jebo9GTO8D7oluGKThffYeq8z2ChNmFG7ScOhhSL8esm6','ROLE_DRIVER'),
(153090,'kurt_scott','$2y$10$8heOeUE6mZB/7p88irH7heT7RO8YxcohK8PrM8SINbN5g8CCjGxXC','ROLE_DRIVER'),
(153091,'lucas_barrett','$2y$10$N2XVJIItwtXebyRYgMhhO.6DTdyBcTkcsTmeMZWSVMgjvW1h/Fxza','ROLE_DRIVER'),
(153092,'luke_potts','$2y$10$.EQhmXlXprnIMCFDfFftNeLL5MuvV6K.GNaqAIgSwRHu0K3niOIuO','ROLE_DRIVER'),
(153093,'harry_merritt','$2y$10$6F0YhvlsGlP5aj0VldNfKO4D63Glqa2skEOgRJPYpLLJrS4MPwjZq','ROLE_DRIVER'),
(153094,'harold_francis','$2y$10$rpyJcb1ea0KRrg1cjfG0ouUIwlvWPXuog.6dGrgezpXoS9JQ8KJrO','ROLE_DRIVER'),
(153095,'ryan_carlson','$2y$10$C4pibemoDJT0V93g3DesruWSCBj0FyIODepVH3m9zWwccAS3IfGeO','ROLE_DRIVER'),
(153096,'daniel_miles','$2y$10$ZuzX0kJTsFi3u3Bb9OuMeeIQItg4jtZTNHHYqsWGonbqOy6oM4gPG','ROLE_DRIVER'),
(153097,'oliver_pearson','$2y$10$dxlbsZGS9MzMcAAsK1aqouE5CcTCKEPgoZiy/I57b05BxBzwWjQbu','ROLE_DRIVER'),
(153098,'henri_jacobson','$2y$10$wft9QLp6zslU9UDCuRDeuOH1XQAkdzbAcM8HrvA2cr/nci22XqtJi','ROLE_DRIVER'),
(153099,'ricardo_martinez','$2y$10$cqzv8DQbQXs1sZ8eFxdvneKKl3btlHJ2VKlG1tNKQLPT8CYuSr17m','ROLE_DRIVER'),
(153100,'leo_rivera','$2y$10$7L/J8hH6NZIqwQu6kTSeTePSjnJCltc/nk2hXg0IvxVdgw.SxEB1e','ROLE_DRIVER'),
(153101,'eddie_phelps','$2y$10$2X2BRO2nhcgyni4O9YA/i.A74NeY3lu7lPpfA09T8aDE.lwF8V8Ey','ROLE_DRIVER'),
(5001,'bingo_brothers','$2y$10$q/JyLo/Q12tEU1UH7piuI.Xh6snusrPnQM2Dd.5bPOkV7ID.9g0KW','ROLE_CUSTOMER'),
(5002,'super_cola','$2y$10$RcowbGu0Vh4ocnpwqsN/d.dyDEI5k9ZiiEDbDEsffLTZ5G68hwSg6','ROLE_CUSTOMER'),
(5003,'forest_ltd','$2y$10$TB3ueBnxYVHY2FgxAD9Zeuax/cPhuiAe.Adz.sveNuavoVMq.q7tq','ROLE_CUSTOMER'),
(5004,'usa_government','$2y$10$djf2rlv2jQw9qSKpAoas..Ok/rJzQFP.VmkCMRgDlJwf6sGn1DdTy','ROLE_CUSTOMER'),
(5005,'philadelphia_inquirer','$2y$10$JnWxvyWPkc74IgeQXMZ6S.5qLaOY1la.6Sj3oI0e0gADtkEtGfH5a','ROLE_CUSTOMER'),
(5006,'mad_medicals','$2y$10$cYFs0RDGJ9dTYtMYH8HFju3xBMtOvVYRSzU1iqA6OoLN9BCJjXWii','ROLE_CUSTOMER'),
(5007,'nypd','$2y$10$4rSNWZb17JBtZjKXrQ9yb.9/qOj0jAN071Az4uR0wwZoJ/ght9Eh2','ROLE_CUSTOMER'),
(5008,'all_tyres_wheels','$2y$10$4STdUTOWA1xToaHADwdqxO35SC41wwkepKAnrSKlL5yDIGkMrLrqy','ROLE_CUSTOMER'),
(5009,'american_constructions','$2y$10$E4S8KXzLqhz/MRugZ.3Me.gDMau/Jr1krfRQKL4oB3wPVzLn5Q9tm','ROLE_CUSTOMER'),
(5010,'best_foodie','$2y$10$UKoLA33TlzaPD/bJYGpMNOFCxAV4YXJKrMn6W6hoB1NXlg9WQtUuG','ROLE_CUSTOMER'),
(5011,'detroit_zombie','$2y$10$HmrPHwmFqk96MbmX0nj03eLjKeAMMpgUXgfzisPB/iU6yliS/ICQW','ROLE_CUSTOMER'),
(5012,'louis_vegan_restaurant','$2y$10$ORZvqlvl1VJ4l8IzRBEF3e6YE1FiqCprufBrm.s4LJI3Kt6viqV4K','ROLE_CUSTOMER'),
(5013,'cat_shop','$2y$10$lAgi/jOM13HuDHjSfMfSPud9dizM6M.6hl.Tzmx3fcaQn6hlx84ha','ROLE_CUSTOMER'),
(5014,'kind_things','$2y$10$nuFHFcz94EqMvpyVvBmaqO3EKn7htRu3nExN05PLlt6Qkqo.LW6vW','ROLE_CUSTOMER'),
(5015,'alfa_chance','$2y$10$TnpMAHbUMAC2iYcB1.j7FO79y.Gn.sHtqsGQqLdcnNUpkX2ALSmeq','ROLE_CUSTOMER'),
(5016,'lots_of_movies','$2y$10$afap4rvdNsOlC2jEoumO2.RCofR2NZ.KTz4mv52V4t5QLXyz0MfyC','ROLE_CUSTOMER'),
(5017,'middle_class_ltd','$2y$10$/2qX7LWzEBp1yfSEis0Wte26WYmmlz6x1NJwdIGnmY.B6JrigG7B6','ROLE_CUSTOMER'),
(5018,'vladislav_prokopenko','$2y$10$NjGJN0J1cNdBmqBHiror3u2.YGSA1ptR68zuv6RMK4BJ09hfexa62','ROLE_CUSTOMER'),
(1206,'richard_roberts','$2y$10$iVX2r3bgdHDTroUYtPymVeufVwPcuF4.kHzJXCkGWF8G2HTyOGotC','ROLE_LOGISTICIAN'),
(1207,'william_jones','$2y$10$ZYF.aSXG87Pmv2sOHl5eQO/OR.7fxd2wxfO37RHnhSgpncwLpA/pi','ROLE_LOGISTICIAN'),
(1208,'rupert_everett','$2y$10$SEVQqCSZmmkFkKupt6FQ/.z2z.J8qUBbOyeUW/uhV.TsycWQqPMoW','ROLE_LOGISTICIAN'),
(153102,'bill_hanson','$2y$10$ue1HMOg8xv/DYOqKINWBHuUmRVwHglWV.fVFQOoOcrsEdCMFkHIFW','ROLE_DRIVER'),
(153103,'rick_fox','$2y$10$Kwu.3vvY.PuCyKW8hx8uOu/XxUyizFe5jJ1bnmXNM1J53EFw3NS.m','ROLE_DRIVER'),
(153104,'antony_ford','$2y$10$0kzLfPoNa6Mdg/KXUDA4pu/0ifYek4NDwEs/IB6nheYJoQE15IoRW','ROLE_DRIVER'),
(153105,'sean_willis','$2y$10$W3DBTP1spHKXa1AeklnJOeiMC9rqhqBDXRXdjw2TLQd5dKqagVSDi','ROLE_DRIVER'),
(153106,'paul_damon','$2y$10$Ngte832R0lZDKauzwc9wEuGWSYv4tsLV1GFdG1R6UAle0.YFHBrKK','ROLE_DRIVER'),
(5019,'good_decisions','$2y$10$KAgUdu3L7iweXe8endEcCu.fuOnTmtSnsGjDPBGfaqXC4L971ISVy','ROLE_CUSTOMER'),
(5020,'happy_hours','$2y$10$eib12W9XtxUKuEpKeXvcreIcttaZRVgS74pDv9VCHL.Ps82S.o3hm','ROLE_CUSTOMER'),
(5021,'night_cowboys','$2y$10$SWJ8t6f6T1h6VCZ3NqpVJO/N4jB7bqUlE5e9momIEACISG/zDcQOG','ROLE_CUSTOMER');

INSERT INTO logistics.trucks(number,model,capacity,total_operating_time,technical_condition,busy,current_city,current_state)
VALUES
('WAS0982','Kenworth W900',15,3,'OK','YES','New York','New York'),
('ORE2567','Peterbilt 358',15.4,1,'OK','NO','Chicago','Illinois'),
('ALB9834','Dodge LNT1000',16.3,12,'OK','NO','Pittsburgh','Pennsylvania'),
('SDA3490','Peterbilt 358',15.4,18,'OK','NO','Miami','Florida'),
('WSA9999','Peterbilt 352',22,4,'OK','NO','San Diego','California'),
('WIS0000','Autocar A75T',13.5,25,'NOK','NO','Cleveland','Ohio'),
('LGD4578','Mack RS700',17.1,5,'OK','NO','Detroit','Michigan'),
('JCG0195','Peterbilt 348',19.1,11,'OK','NO','Minneapolis','Minnesota'),
('NFG5634','Volvo Titan L4956',20.2,15,'OK','NO','Miami','Florida'),
('WUF1111','Ford F-1100',21.1,8,'OK','YES','on road','on road'),
('ACG9874','Autocar A64',12.1,12,'OK','NO','New York','New York'),
('CVC3486','Volvo F89',17.5,1,'OK','NO','Houston','Texas'),
('GED4891','Peterbilt 359',19.5,22,'OK','NO','Minneapolis','Minnesota'),
('GXE9571','Peterbilt 348',19.1,2,'OK','NO','Detroit','Michigan'),
('PAS5681','Autocar DC102',14.5,20,'OK','NO','Washington','D.C. Columbia'),
('BEH9217','Volvo F88',17.3,17,'NOK','NO','San Diego','California'),
('ANY3292','Ford HDT-950',20.7,1,'OK','NO','Pittsburgh','Pennsylvania'),
('EYP6781','Ford H-1000',21,4,'OK','NO','Dallas','Texas'),
('XPP3781','Mercedes-Benz LP1620',14.5,8,'OK','NO','Washington','D.C. Columbia'),
('GRE8597','Ford HT-850',16,12,'OK','NO','Atlanta','Georgia'),
('NFG5644','Brockway K459TL',16.7,9,'OK','NO','Tampa','Florida'),
('YNM8721','Peterbilt 358',15.4,6,'OK','NO','Cleveland','Ohio'),
('MOR5673','Mack RS700',17.1,5,'OK','NO','Houston','Texas'),
('LES9821','Volvo F89',17.5,2,'OK','NO','San Diego','California'),
('GWP0258','Autocar A75T',13.5,25,'OK','NO','New York','New York'),
('HGF7325','Ford F-1100',21.1,3,'OK','NO','Pittsburgh','Pennsylvania'),
('ANT9172','Mack RS700',17.1,8,'OK','NO','Washington','D.C. Columbia'),
('NNF6219','Kenworth W900',15,9,'OK','NO','Portland','Oregon'),
('LKE8658','Dodge LNT1000',16.3,21,'NOK','NO','Portland','Oregon'),
('ORE7689','Peterbilt 358',15.4,23,'NOK','NO','Chicago','Illinois'),
('WAX5873','Ford HDT-950',20.7,5,'OK','NO','Miami','Florida'),
('YTR0261','Volvo F88',17.3,7,'OK','NO','San Diego','California'),
('NAR6453','Volvo Titan L4956',20.2,11,'OK','NO','Atlanta','Georgia'),
('FDE6891','Mack RS700',17.1,15,'OK','NO','Tampa','Florida'),
('MIN3297','Peterbilt 352',22,8,'OK','NO','Pittsburgh','Pennsylvania'),
('GRT2872','Autocar DC102',14.5,10,'NOK','NO','Albuquerque','New Mexico'),
('HIT6835','Autocar A64',12.1,4,'OK','NO','Pittsburgh','Pennsylvania'),
('JER5471','Peterbilt 358',15.4,6,'OK','NO','Minneapolis','Minnesota'),
('NET9473','Dodge LNT1000',16.3,15,'OK','NO','Detroit','Michigan'),
('LLE3275','Kenworth W900',15,14,'OK','NO','Houston','Texas'),
('DGT2093','Peterbilt 348',19.1,4,'OK','NO','Washington','D.C. Columbia'),
('TFE0310','Volvo F88',17.3,3,'OK','NO','Portland','Oregon'),
('URE0201','Ford HT-850',16,9,'OK','NO','San Antonio','Texas'),
('LKO1040','Brockway K459TL',16.7,12,'OK','NO','Cleveland','Ohio'),
('MJE3096','Mack RS700',17.1,6,'OK','NO','Miami','Florida'),
('MKA7810','Ford H-1000',21,3,'OK','NO','San Diego','California'),
('AJR4591','Autocar DC102',14.5,14,'NOK','NO','Albuquerque','New Mexico'),
('EVG3697','Peterbilt 348',19.1,15,'OK','NO','San Antonio','Texas'),
('RTU8143','Volvo F89',17.5,8,'OK','NO','New York','New York'),
('WBD3272','Ford F-1100',21.1,4,'OK','NO','Charlotte','North Carolina'),
('VXD4141','Volvo Titan L4956',20.2,11,'NOK','NO','Detroit','Michigan'),
('TRH5554','Volvo F88',17.3,14,'OK','NO','Detroit','Michigan'),
('UIE8132','Autocar DC102',14.5,17,'OK','NO','Tampa','Florida'),
('QDF5648','Ford H-1000',21,1,'OK','NO','Miami','Florida'),
('PLR8542','Peterbilt 359',19.5,3,'OK','NO','Syracuse','New York'),
('HTW4214','Volvo Titan L4956',20.2,15,'OK','NO','Washington','D.C. Columbia'),
('LKO4987','Peterbilt 348',19.1,6,'OK','NO','San Antonio','Texas'),
('OPE5689','Volvo F88',17.3,3,'OK','NO','Houston','Texas'),
('NHR2378','Ford F-1100',21.1,7,'OK','NO','Miami','Florida'),
('TYU6785','Autocar A75T',13.5,12,'OK','NO','Dallas','Texas'),
('NKO8795','Dodge LNT1000',16.3,16,'OK','NO','Washington','D.C. Columbia'),
('PEB3361','Kenworth W900',15,18,'OK','NO','Atlanta','Georgia'),
('WDM4501','Autocar A64',12.1,1,'OK','NO','Tampa','Florida'),
('XCH9912','Ford HT-850',16,3,'OK','NO','San Diego','California'),
('JRL8734','Peterbilt 348',19.1,7,'OK','NO','Minneapolis','Minnesota'),
('LRP9011','Peterbilt 348',19.1,9,'OK','NO','Pittsburgh','Pennsylvania'),
('VFE7433','Autocar DC102',14.5,4,'OK','NO','Portland','Oregon'),
('MQU8904','Volvo F89',17.5,15,'OK','NO','Jacksonville','Florida'),
('OEY4507','Peterbilt 348',19.1,7,'NOK','NO','Albuquerque','New Mexico'),
('PYR3433','Peterbilt 352',22,12,'OK','NO','Washington','D.C. Columbia'),
('XMF7843','Volvo Titan L4956',20.2,5,'OK','NO','Dallas','Texas'),
('RGT8367','Ford HT-850',16,8,'OK','NO','Orlando','Florida'),
('HEK2270','Kenworth W900',15,14,'OK','NO','San Antonio','Texas'),
('WUR3199','Mack RS700',17.1,17,'OK','NO','Salt Lake City','Utah'),
('LRI8579','Peterbilt 352',22,3,'OK','NO','Portland','Oregon'),
('PEF8271','Autocar DC102',14.5,11,'OK','NO','Minneapolis','Minnesota'),
('FOR5454','Ford H-1000',21,16,'OK','NO','San Diego','California'),
('QCN2684','Volvo F88',17.3,1,'OK','NO','New York','New York'),
('KRY9125','Ford F-1100',21.1,15,'OK','NO','Washington','D.C. Columbia'),
('YUI7459','Kenworth W900',15,5,'NOK','NO','Cleveland','Ohio'),
('FRY8785','Volvo Titan L4956',20.2,3,'OK','NO','Atlanta','Georgia'),
('BOI4197','Brockway K459TL',16.7,4,'OK','NO','Washington','D.C. Columbia'),
('MUR3673','Volvo F88',17.3,12,'OK','NO','Orlando','Florida'),
('SOI1209','Peterbilt 348',19.1,6,'OK','NO','San Antonio','Texas'),
('OLK3194','Mack RS700',17.1,8,'OK','NO','Portland','Oregon'),
('RNG6091','Volvo F89',17.5,12,'NOK','NO','San Antonio','Texas'),
('THO8134','Ford F-1100',21.1,4,'OK','NO','Washington','D.C. Columbia'),
('KFR1567','Mack RS700',17.1,3,'OK','NO','Cleveland','Ohio'),
('LKE3904','Dodge LNT1000',16.3,12,'OK','NO','Minneapolis','Minnesota'),
('OIK1703','Volvo Titan L4956',20.2,5,'OK','NO','Pittsburgh','Pennsylvania'),
('ADF2654','Volvo F88',17.3,3,'OK','NO','Atlanta','Georgia'),
('ROD7890','Peterbilt 352',22,14,'OK','NO','Orlando','Florida'),
('NFR0541','Ford HDT-950',20.7,9,'OK','NO','Dallas','Texas'),
('OLU4679','Volvo F89',17.5,5,'OK','NO','Cleveland','Ohio'),
('QQE5542','Peterbilt 348',19.1,12,'OK','NO','Chicago','Illinois'),
('HEH9454','Autocar A75T',13.5,15,'NOK','NO','Detroit','Michigan'),
('JOW4475','Volvo Titan L4956',20.2,3,'OK','NO','Cleveland','Ohio'),
('OKW0154','Ford F-1100',21.1,11,'NOK','NO','Houston','Texas'),
('YRT5507','Kenworth W900',15,15,'OK','NO','San Diego','California'),
('KOL1177','Brockway K459TL',16.7,4,'OK','NO','Miami','Florida'),
('RTE5555','Peterbilt 352',22,7,'OK','NO','New York','New York');

INSERT INTO logistics.customers(customer_authentication_id,customer_name,phone,email)
VALUES
(5001,'Bingo Brothers','+1 245 217 9585','bingo_brothers@gmail.com'),
(5002,'Super Cola','+1 383 553 8172','super_cola@gmail.com'),
(5003,'Forest Ltd.','+1 941 761 0983','forest_ltd@gmail.com'),
(5004,'USA Gogernment','+1 444 904 0780','usa_government@gmail.com'),
(5005,'Philadelphia Inquirer','+1 638 470 3675','philadelphia_inquirer@gmail.com'),
(5006,'Mad Medicals','+1 904 309 0358','mad_medicals@gmail.com'),
(5007,'New York Police Department','+1 793 935 7643','nypd@gmail.com'),
(5008,'All Tyres & Wheels','+1 455 711 0437','all_tyres_wheels@gmail.com'),
(5009,'American Constructions','+1 781 561 0541','american_constructions@gmail.com'),
(5010,'Best Foodie in the World','+1 608 793 3412','best_phoodie@gmail.com'),
(5011,'Detroit Zombie','+1 881 918 7483','detroit_zombie@gmail.com'),
(5012,'Louis Vegan Restaurant','+1 345 831 3831','louis_vegan_restaurant@gmail.com'),
(5013,'Cat shop','+1 505 617 2757','cat_shop@gmail.com'),
(5014,'Kind things','+1 489 804 3475','kind_things@gmail.com'),
(5015,'Alfa Chance','+1 315 719 4587','alfa_chance@gmail.com'),
(5016,'Lots of Movies','+1 589 991 7801','lots_of_movies@gmail.com'),
(5017,'Middle Class Ltd.','+1 409 431 8791','middle_class_ltd@gmail.com'),
(5018,'Vladislav Prokopenko','+1 311 784 9762','vladislavprokopenko1@gmail.com');

INSERT INTO logistics.orders(order_customer_id,category,weight,status,start_date_time,limit_date_time,assigned_truck_number,driver_comment)
VALUES
(5002,'Bottled beverages',12.4,'CONFIRMED',null,'2023-12-20 19:00:00','WAS0982',null),
(5004,'Papers',10.3,'NEW',null,'2023-12-18 15:00:00',null,null),
(5013,'Pet products',15.1,'NEW',null,'2023-12-28 19:00:00',null,null),
(5007,'Weapons',11.3,'ON_ROAD','2023-11-16 11:00:00','2023-12-17 20:00:00','WUF1111',null),
(5017,'Clothes',16.4,'NEW',null,'2023-12-21 14:00:00',null,null),
(5008,'Car components',10.1,'NEW',null,'2023-12-23 17:00:00',null,null),
(5001,'Grocery',17.7,'NEW',null,'2023-12-31 23:00:00',null,null),
(5006,'Drugs',12.2,'COMPLETED','2023-11-12 10:00:00','2024-01-01 20:00:00','GXE9571',null),
(5010,'Food',12.2,'NEW',null,'2024-02-05 16:00:00',null,null),
(5003,'Wood',11.8,'NEW',null,'2024-01-03 15:00:00',null,null),
(5005,'Papers',12,'NEW',null,'2023-12-25 17:00:00',null,null),
(5015,'Technical equipment',14.4,'NEW',null,'2023-12-21 11:00:00',null,null),
(5018,'Something strange',11,'NEW',null,'2023-12-26 15:00:00',null,null),
(5016,'Discs',14.8,'NEW',null,'2023-12-28 14:00:00',null,null),
(5009,'Construction materials',12.9,'EXPECT_DRIVERS_CONFIRMATION',null,'2023-12-19 19:00:00',null,null),
(5001,'Grocery',12.8,'NEW',null,'2023-12-17 18:00:00',null,null),
(5012,'Food',8.9,'NEW',null,'2023-12-21 19:00:00',null,null),
(5006,'Drugs',9.1,'NEW',null,'2024-02-05 19:00:00',null,null),
(5010,'Bottled beverages',15,'NEW',null,'2024-01-03 17:00:00',null,null);

INSERT INTO logistics.cargos(order_for_cargo_id,cargo_name,weight,start_city,start_state,start_address,loaded,final_city,final_state,final_address,unloaded,waypoint_index,ride_distance_from_start_point,ride_duration_from_start_point,ride_distance_from_previous_point,ride_duration_from_previous_point,expected_completion_date_time,real_completion_date_time)
VALUES
(12001,'Super Cola',5.3,'New York','New York','545 Targee St, Staten Island','NO','Philadelphia','Pennsylvania','2027 Fairmount Ave','NO',0,139,97,139,97,null,null),
(12001,'Super Water',7.1,'New York','New York','545 Targee St, Staten Island','NO','Washington','D.C. Columbia','1600 Pennsylvania Avenue NW','NO',1,355,220,216,123,null,null),
(12002,'Diplomas',7.3,'Pittsburgh','Pennsylvania','2129 Bedford Ave','NO','Columbus','Ohio','480 E Broad St','NO',0,298,174,298,174,null,null),
(12002,'Researches',3,'Pittsburgh','Pennsylvania','2129 Bedford Ave','NO','Indianapolis','Indiana','55 E Michigan St','NO',1,579,330,281,156,null,null),
(12003,'Cat food',11.1,'Chicago','Illinois','7535 S Ashland Ave','NO','Springfield','Illinois','2115 S MacArthur Blvd','NO',0,325,193,325,193,null,null),
(12003,'Cat toys',4,'Chicago','Illinois','7535 S Ashland Ave','NO','Memphis','Tennessee','3050 Central Ave','NO',1,856,476,531,283,null,null),
(12004,'Shotguns',5.5,'Washington','D.C. Columbia','1600 21st St NW','YES','Kansas City','Missouri','2475 Grand Blvd','NO',0,1695,964,1695,964,'2023-11-17 04:00:00',null),
(12004,'Pistols',5.8,'Washington','D.C. Columbia','1601 21st St NW','YES','San Francisco','California','2550 Mission St','NO',1,4519,2476,2824,1512,'2023-11-18 09:00:00',null),
(12005,'Suits',12,'Miami','Florida','450 NW 37th Ave','NO','Kansas City','Missouri','3831 E 43rd St','NO',0,2354,1261,2354,1261,null,null),
(12005,'Ties',4.4,'Miami','Florida','450 NW 37th Ave','NO','Seattle','Washington','506 2nd Ave','NO',1,5311,2855,2957,1594,null,null),
(12006,'Tyres',7,'San Diego','California','4320 Viewridge Ave','NO','Omaha','Nebraska','1606 S 72nd St','NO',0,2575,1372,2575,1372,null,null),
(12006,'Wheels',3.1,'San Diego','California','4320 Viewridge Ave','NO','Boston','Massachusetts','465 Huntington Ave','NO',1,4822,2624,2247,1252,null,null),
(12007,'Tea',12.3,'Houston','Texas','1001 Bissonnet St','NO','Denver','Colorado','860 N Broadway','NO',0,1655,920,1655,920,null,null),
(12007,'Coffee',5.4,'Houston','Texas','1001 Bissonnet St','NO','Seattle','Washington','330 19th Ave E','NO',1,3732,2063,2077,1143,null,null),
(12008,'Paracetamol',5.8,'Cleveland','Ohio','3159 W 11th St','YES','Chicago','Illinois','6130 S Wolcott Ave','YES',0,543,310,543,310,'2023-11-12 16:00:00','2023-11-12 16:30:00'),
(12008,'Antibiotics',8.3,'Cleveland','Ohio','3159 W 11th St','YES','Milwaukee','Wisconsin','400 W Canal St','YES',1,695,395,152,85,'2023-11-12 19:00:00','2023-11-12 20:00:00'),
(12009,'Marcipans',7.7,'Detroit','Michigan','14708 Mack Ave','NO','Indianapolis','Indiana','123 W Louisiana St','NO',0,477,274,477,274,null,null),
(12009,'Wines',4.5,'Detroit','Michigan','14708 Mack Ave','NO','Los Angeles','California','900 Exposition Blvd','NO',1,3687,1987,3210,1713,null,null),
(12010,'Birch firewood',5.5,'Minneapolis','Minnesota','2600 Park Ave','NO','Kansas City','Missouri','4525 Oak St','NO',0,708,385,708,385,null,null),
(12010,'Maple panels',6.3,'Minneapolis','Minnesota','2600 Park Ave','NO','Phoenix','Arizona','1625 N Central Ave','NO',1,2639,1483,1931,1098,null,null),
(12011,'Newspapers',12,'Pittsburgh','Pennsylvania','20 S 10th St','NO','Philadelphia','Pennsylvania','100 S. Independence Mall West','NO',0,491,285,491,285,null,null),
(12012,'Water equipment',14.4,'Cleveland','Ohio','4308 Franklin Blvd','NO','Philadelphia','Pennsylvania','6026 Germantown Ave','NO',0,688,393,688,393,null,null),
(12013,'Strange stuff',11,'Dallas','Texas','7015 Snider Plaza #110','NO','San Francisco','California','199 Museum Way','NO',0,2792,1533,2792,1533,null,null),
(12014,'Blu-ray discs',14.8,'Washington','D.C. Columbia','524 Rhode Island Ave NE','NO','Kansas City','Missouri','6200 Independence Ave','NO',0,1695,968,1695,968,null,null),
(12015,'Concrete plates',12.9,'Atlanta','Georgia','225 Baker St NW','NO','Memphis','Tennessee','3050 Central Ave','NO',0,607,342,607,342,null,null),
(12016,'Preserves',12.8,'Tampa','Florida','4801 E Fowler Ave','NO','Atlanta','Georgia','835 M.L.K. Jr Dr NW','NO',0,730,385,730,385,null,null),
(12017,'Vegan meat',8.9,'Orlando','Florida','777 E Princeton St','NO','Nashville','Tennessee','900 Rosa L Parks Blvd','NO',0,1110,598,1110,598,null,null),
(12018,'Vitamins',9.1,'New Orleans','Louisiana','4301 Chef Menteur Hwy','NO','Dallas','Texas','1717 N Harwood St','NO',0,819,446,819,446,null,null),
(12019,'Wines',15,'Albuquerque','New Mexico','2401 12th St NW','NO','Las Vegas','Nevada','7501 Washington Ave','NO',0,935,499,935,499,null,null);

INSERT INTO logistics.drivers(driver_authentication_id,name,surname,phone,email,work_experience,working_hours_in_current_month,status,busy,
current_city,current_state,current_truck_number,current_order_id,order_acceptance)
VALUES
(153001,'Charley','Adams','+1 638 478 3001','charley_adams@gmail.com',15,0,'REST','NO','New York','New York',null,null,null),
(153002,'Lincoln','Ballard','+1 638 544 3002','lincoln_ballard@gmail.com',3,20,'REST','NO','Chicago','Illinois',null,null,null),
(153003,'Spencer','Allen','+1 638 400 3003','spencer_allen@gmail.com',22,5,'REST','NO','Washington','D.C. Columbia',null,null,null),
(153004,'Duncan','Dixon','+1 638 715 3004','duncan_dixon@gmail.com',1,174,'REST','NO','San Diego','California',null,null,null),
(153005,'Ricardo','Middleton','+1 638 904 3005','ricardo_middleton@gmail.com',3,150,'REST','NO','Cleveland','Ohio',null,null,null),
(153006,'Luc','Tyler','+1 638 741 3006','luc_tyler@gmail.com',4,50,'REST','NO','Pittsburgh','Pennsylvania',null,null,null),
(153007,'Pablo','Chavez','+1 638 580 3007','pablo_chavez@gmail.com',7,8,'REST','NO','Chicago','Illinois',null,null,null),
(153008,'Laurence','King','+1 638 617 3008','laurence_king@gmail.com',6,48,'REST','NO','Miami','Florida',null,null,null),
(153009,'Lester','Kelly','+1 638 743 3009','lester_kelly@gmail.com',11,120,'REST','NO','San Diego','California',null,null,null),
(153010,'Arthur','Collins','+1 638 655 3010','arthur_collins@gmail.com',18,8,'REST','YES','New York','New York','WAS0982',12001,'YES'),
(153011,'Ross','Sullivan','+1 638 774 3011','ross_sullivan@gmail.com',17,172,'REST','NO','Pittsburgh','Pennsylvania',null,null,null),
(153012,'Erica','Sanchez','+1 638 890 3012','erica_sanchez@gmail.com',4,100,'REST','NO','Houston','Texas',null,null,null),
(153013,'Steven','Taylor','+1 638 522 3013','steven_taylor@gmail.com',30,49,'REST','NO','Detroit','Michigan',null,null,null),
(153014,'Sid','Larson','+1 638 671 3014','sid_larson@gmail.com',28,18,'REST','NO','Dallas','Texas',null,null,null),
(153015,'John','Short','+1 638 698 3015','john_short@gmail.com',15,155,'REST','NO','Atlanta','Georgia',null,null,null),
(153016,'Edgar','Morgan','+1 638 739 3016','edgar_morgan@gmail.com',3,10,'REST','NO','Miami','Florida',null,null,null),
(153017,'Jerry','Griffith','+1 638 974 3017','jerry_griffith@gmail.com',7,90,'REST','NO','Pittsburgh','Pennsylvania',null,null,null),
(153018,'Chester','Bowman','+1 638 771 3018','chester_bowman@gmail.com',16,145,'REST','NO','San Antonio','Texas',null,null,null),
(153019,'Victor','Bruce','+1 638 978 3019','victor_bruce@gmail.com',11,175,'REST','NO','Dallas','Texas',null,null,null),
(153020,'Douglas','Wall','+1 638 590 3020','douglas_wall@gmail.com',8,100,'REST','NO','Houston','Texas',null,null,null),
(153021,'Madison','Connor','+1 638 417 3021','madison_connor@gmail.com',1,65,'REST','NO','Minneapolis','Minnesota',null,null,null),
(153022,'Virginia','Marshall','+1 638 431 3022','virginia_marshall@gmail.com',15,32,'REST','NO','Pittsburgh','Pennsylvania',null,null,null),
(153023,'Adrian','Stafford','+1 638 909 3023','adrian_stafford@gmail.com',19,80,'REST','NO','San Diego','California',null,null,null),
(153024,'Douglas','Bright','+1 638 415 3024','douglas_bright@gmail.com',21,0,'REST','NO','Chicago','Illinois',null,null,null),
(153025,'Max','Wilson','+1 638 560 3025','max_wilson@gmail.com',5,32,'REST','YES','on road','on road','WUF1111',12004,'YES'),
(153026,'Todd','Holloway','+1 638 780 3026','todd_holloway@gmail.com',8,99,'REST','NO','Pittsburgh','Pennsylvania',null,null,null),
(153027,'Tomas','Noble','+1 638 915 3027','tomas_noble@gmail.com',4,170,'REST','NO','San Antonio','Texas',null,null,null),
(153028,'Joshua','Connolly','+1 638 478 3028','joshua_connolly@gmail.com',9,132,'REST','NO','Detroit','Michigan',null,null,null),
(153029,'Wade','Durham','+1 638 780 3029','wade_durham@gmail.com',17,45,'REST','NO','Cleveland','Ohio',null,null,null),
(153030,'Damien','Herman','+1 638 400 3030','damien_herman@gmail.com',15,25,'REST','NO','Dallas','Texas',null,null,null),
(153031,'Brendon','Morales','+1 638 709 3031','brendon_morales@gmail.com',1,63,'REST','NO','New York','New York',null,null,null),
(153032,'Norman','Preston','+1 638 939 3032','norman_preston@gmail.com',12,175,'REST','NO','Washington','D.C. Columbia',null,null,null),
(153033,'Ricky','Jennings','+1 638 522 3033','ricky_jennings@gmail.com',16,120,'REST','NO','Pittsburgh','Pennsylvania',null,null,null),
(153034,'Lenny','Johns','+1 638 589 3034','lenny_johns@gmail.com',17,176,'REST','NO','Orlando','Florida',null,null,null),
(153035,'Clark','Mitchell','+1 638 691 3035','clark_mitchell@gmail.com',14,9,'REST','NO','Houston','Texas',null,null,null),
(153036,'Harley','Henderson','+1 638 744 3036','harley_henderson@gmail.com',6,31,'REST','NO','Detroit','Michigan',null,null,null),
(153037,'Dawson','Tate','+1 638 579 3037','dawson_tate@gmail.com',10,68,'REST','NO','San Diego','California',null,null,null),
(153038,'Gerald','Rowland','+1 638 401 3038','gerald_rowland@gmail.com',20,31,'REST','NO','Chicago','Illinois',null,null,null),
(153039,'Sebastien','Webb','+1 638 699 3039','sebastien_webb@gmail.com',11,85,'REST','NO','Detroit','Michigan',null,null,null),
(153040,'Mario','Bird','+1 638 711 3040','mario_bird@gmail.com',17,101,'REST','NO','Anaheim','California',null,null,null),
(153041,'Jonathan','Campbell','+1 638 632 3041','jonathan_campbell@gmail.com',3,155,'REST','NO','Cleveland','Ohio',null,null,null),
(153042,'Mathew','Stone','+1 638 645 3042','mathew_stone@gmail.com',21,145,'REST','NO','Portland','Oregon',null,null,null),
(153043,'Walter','Lloyd','+1 638 988 3043','walter_lloyd@gmail.com',1,109,'REST','NO','Miami','Florida',null,null,null),
(153044,'Ernest','Carrillo','+1 638 415 3044','ernest_carrillo@gmail.com',9,121,'REST','NO','Dallas','Texas',null,null,null),
(153045,'Steve','House','+1 638 555 3045','steve_house@gmail.com',4,52,'REST','NO','Minneapolis','Minnesota',null,null,null),
(153046,'Hope','McKenzie','+1 638 719 3046','hope_mckenzie@gmail.com',15,79,'REST','NO','Pittsburgh','Pennsylvania',null,null,null),
(153047,'Eliot','Mathews','+1 638 515 3047','eliot_mathews@gmail.com',7,175,'REST','NO','Orlando','Florida',null,null,null),
(153048,'Edgar','Harrison','+1 638 411 3048','edgar_harrison@gmail.com',9,8,'REST','NO','New York','New York',null,null,null),
(153049,'Roger','Moore','+1 638 516 3049','roger_moore@gmail.com',30,95,'REST','NO','Pittsburgh','Pennsylvania',null,null,null),
(153050,'Peter','Schneider','+1 638 711 3050','peter_schneider@gmail.com',21,71,'REST','NO','New Orleans','Louisiana',null,null,null),
(153051,'Andrew','Whitney','+1 638 477 3051','andrew_whitney@gmail.com',25,145,'REST','NO','San Antonio','Texas',null,null,null),
(153052,'Tyler','Long','+1 638 657 3052','tyler_long@gmail.com',7,169,'REST','NO','Oakland','California',null,null,null),
(153053,'Earl','Johnson','+1 638 891 3053','earl_johnson@gmail.com',3,1,'REST','NO','Atlanta','Georgia',null,null,null),
(153054,'Denzel','White','+1 638 505 3054','denzel_white@gmail.com',18,72,'REST','NO','Houston','Texas',null,null,null),
(153055,'Rick','Dunlop','+1 638 597 3055','rick_dunlop@gmail.com',4,64,'REST','NO','San Diego','California',null,null,null),
(153056,'Robert','Marsh','+1 638 588 3056','robert_marsh@gmail.com',20,12,'REST','NO','Miami','Florida',null,null,null),
(153057,'Joseph','Carter','+1 638 872 3057','joseph_carter@gmail.com',15,94,'REST','NO','New Orleans','Louisiana',null,null,null),
(153058,'Marcel','Finch','+1 638 454 3058','marcel_finch@gmail.com',19,108,'REST','NO','Cleveland','Ohio',null,null,null),
(153059,'Denis ','Bitty','+1 638 571 3059','denis _bitty@gmail.com',6,12,'REST','NO','Detroit','Michigan',null,null,null),
(153060,'Randy','Ramirez','+1 638 688 3060','randy_ramirez@gmail.com',10,18,'REST','NO','Albuquerque','New Mexico',null,null,null),
(153061,'David','Cline','+1 638 7823061','david_cline@gmail.com',4,59,'REST','NO','Dallas','Texas',null,null,null),
(153062,'Marc','Moody','+1 638 245 3062','marc_moody@gmail.com',15,73,'REST','YES','on road','on road','WUF1111',12004,'YES'),
(153063,'Jack','Wallace','+1 638 852 3063','jack_wallace@gmail.com',9,14,'REST','NO','New Orleans','Louisiana',null,null,null),
(153064,'Edgar','Galvan','+1 638 456 3064','edgar_galvan@gmail.com',11,111,'REST','NO','Atlanta','Georgia',null,null,null),
(153065,'Jose','Perez','+1 638 821 3065','jose_perez@gmail.com',21,156,'REST','NO','Albuquerque','New Mexico',null,null,null),
(153066,'Seamus','Estrada','+1 638 457 3066','seamus_estrada@gmail.com',5,45,'REST','NO','Cleveland','Ohio',null,null,null),
(153067,'Joel','Foley','+1 638 688 3067','joel_foley@gmail.com',14,156,'REST','NO','Houston','Texas',null,null,null),
(153068,'Bill','Howard','+1 638 852 3068','bill_howard@gmail.com',4,136,'REST','NO','Portland','Oregon',null,null,null),
(153069,'Spencer','Callahan','+1 638 925 3069','spencer_callahan@gmail.com',15,100,'REST','NO','Chicago','Illinois',null,null,null),
(153070,'Ben','Potter','+1 638 732 3070','ben_potter@gmail.com',5,47,'REST','NO','New York','New York',null,null,null),
(153071,'Lyndon','Brown','+1 638 856 3071','lyndon_brown@gmail.com',8,65,'REST','NO','Albuquerque','New Mexico',null,null,null),
(153072,'Lester','Perkins','+1 638 859 3072','lester_perkins@gmail.com',10,21,'REST','NO','Miami','Florida',null,null,null),
(153073,'Oliver','Rogers','+1 638 985 3073','oliver_rogers@gmail.com',7,38,'REST','NO','Charlotte','North Carolina',null,null,null),
(153074,'Edwin','Gilmore','+1 638 785 3074','edwin_gilmore@gmail.com',16,76,'REST','NO','Minneapolis','Minnesota',null,null,null),
(153075,'Floyd','Williams','+1 638 966 3075','floyd_williams@gmail.com',9,26,'REST','NO','Jacksonville','Florida',null,null,null),
(153076,'James','Miller','+1 638 615 3076','james_miller@gmail.com',11,29,'REST','NO','Stockton','California',null,null,null),
(153077,'Jeremy','Monroe','+1 638 453 3077','jeremy_monroe@gmail.com',15,107,'REST','NO','Cleveland','Ohio',null,null,null),
(153078,'Frederick','Holman','+1 638 967 3078','frederick_holman@gmail.com',19,1,'REST','NO','Thornton','California',null,null,null),
(153079,'Conrad','Hall','+1 638 555 3079','conrad_hall@gmail.com',4,167,'REST','NO','Buffalo','New York',null,null,null),
(153080,'Erin','Donnelly','+1 638 693 3080','erin_donnelly@gmail.com',7,103,'REST','NO','Pittsburgh','Pennsylvania',null,null,null),
(153081,'Conor','Reed','+1 638 822 3081','conor_reed@gmail.com',15,52,'REST','NO','Cleveland','Ohio',null,null,null),
(153082,'Steven','Lewis','+1 638 781 3082','steven_lewis@gmail.com',10,98,'REST','NO','Minneapolis','Minnesota',null,null,null),
(153083,'Jared','Haynes','+1 638 965 3083','jared_haynes@gmail.com',21,142,'REST','NO','Houston','Texas',null,null,null),
(153084,'Kyle','Young','+1 638 428 3084','kyle_young@gmail.com',5,121,'REST','NO','Washington','D.C. Columbia',null,null,null),
(153085,'Damian','Rhodes','+1 638 200 3085','damian_rhodes@gmail.com',8,28,'REST','NO','Sacramento','California',null,null,null),
(153086,'Dillan','Torres','+1 638 583 3086','dillan_torres@gmail.com',17,105,'REST','NO','San Diego','California',null,null,null),
(153087,'Wesley','Winter','+1 638 444 3087','wesley_winter@gmail.com',6,78,'REST','NO','Miami','Florida',null,null,null),
(153088,'Viktor','Hurst','+1 638 493 3088','viktor_hurst@gmail.com',10,125,'REST','NO','Atlanta','Georgia',null,null,null),
(153089,'Maximilian','Barlow','+1 638 655 3089','maximilian_barlow@gmail.com',23,136,'REST','NO','Stevensville','Montana',null,null,null),
(153090,'Kurt','Scott','+1 638 478 3090','kurt_scott@gmail.com',1,174,'REST','NO','Cleveland','Ohio',null,null,null),
(153091,'Lucas','Barrett','+1 638 583 3091','lucas_barrett@gmail.com',3,145,'REST','NO','Washington','D.C. Columbia',null,null,null),
(153092,'Luke','Potts','+1 638 553 3092','luke_potts@gmail.com',7,38,'REST','NO','Portland','Oregon',null,null,null),
(153093,'Harry','Merritt','+1 638 991 3093','harry_merritt@gmail.com',10,76,'REST','NO','Minneapolis','Minnesota',null,null,null),
(153094,'Harold','Francis','+1 638 951 3094','harold_francis@gmail.com',15,85,'REST','NO','Detroit','Michigan',null,null,null),
(153095,'Ryan','Carlson','+1 638 567 3095','ryan_carlson@gmail.com',21,25,'REST','NO','Houston','Texas',null,null,null),
(153096,'Daniel','Miles','+1 638 773 3096','daniel_miles@gmail.com',5,170,'REST','NO','Chicago','Illinois',null,null,null),
(153097,'Oliver','Pearson','+1 638 943 3097','oliver_pearson@gmail.com',9,158,'REST','NO','San Antonio','Texas',null,null,null),
(153098,'Henri','Jacobson','+1 638 448 3098','henri_jacobson@gmail.com',11,155,'REST','NO','New York','New York',null,null,null),
(153099,'Ricardo','Martinez','+1 638 615 3099','ricardo_martinez@gmail.com',25,16,'REST','NO','San Diego','California',null,null,null),
(153100,'Leo','Rivera','+1 638 718 3100','leo_rivera@gmail.com',3,173,'REST','NO','Washington','D.C. Columbia',null,null,null),
(153101,'Eddie','Phelps','+1 638 899 3101','eddie_phelps@gmail.com',5,59,'REST','NO','Pittsburgh','Pennsylvania',null,null,null);

INSERT INTO logistics.logisticians(logistician_authentication_id,name,surname)
VALUES
(1201,'Joseph','Green'),
(1202,'Ronald','Watson'),
(1203,'Anthony','Gray'),
(1204,'Mark','Sanders'),
(1205,'Thomas','Price');