INSERT INTO logistics.authentication_info(id,login,password)
VALUES
(1201,'joseph_green','green111'),
(1202,'ronald_watson','watson111'),
(1203,'anthony_gray','gray111'),
(1204,'mark_sanders','sanders111'),
(1205,'thomas_price','Price111'),
(153001,'charley_adams','adams111'),
(153002,'lincoln_ballard','ballard111'),
(153003,'spencer_allen','allen111'),
(153004,'duncan_dixon','dixon111'),
(153005,'ricardo_middleton','middleton111'),
(153006,'luc_tyler','tyler111'),
(153007,'pablo_chavez','chavez111'),
(153008,'laurence_king','king111'),
(153009,'lester_kelly','kelly111'),
(153010,'arthur_collins','collins111'),
(153011,'ross_sullivan','sullivan111'),
(153012,'erica_sanchez','sanchez111'),
(153013,'steven_taylor','taylor111'),
(153014,'sid_larson','larson111'),
(153015,'john_short','short111'),
(153016,'edgar_morgan','morgan111'),
(153017,'jerry_griffith','griffith111'),
(153018,'chester_bowman','bowman111'),
(153019,'victor_bruce','bruce111'),
(153020,'douglas_wall','wall111'),
(153021,'madison_connor','connor111'),
(153022,'virginia_marshall','marshall111'),
(153023,'adrian_stafford','stafford111'),
(153024,'douglas_bright','bright111'),
(153025,'max_wilson','wilson111'),
(153026,'todd_holloway','holloway111'),
(153027,'tomas_noble','noble111'),
(153028,'joshua_connolly','connolly111'),
(153029,'wade_durham','durham111'),
(153030,'damien_herman','herman111'),
(153031,'brendon_morales','morales111'),
(153032,'norman_preston','preston111'),
(153033,'ricky_jennings','jennings111'),
(153034,'lenny_johns','johns111'),
(153035,'clark_mitchell','mitchell111'),
(153036,'harley_henderson','henderson111'),
(153037,'dawson_tate','tate111'),
(153038,'gerald_rowland','rowland111'),
(153039,'sebastien_webb','webb111'),
(153040,'mario_bird','bird111'),
(153041,'jonathan_campbell','campbell111'),
(153042,'mathew_stone','stone111'),
(153043,'walter_lloyd','lloyd111'),
(153044,'ernest_carrillo','carrillo111'),
(153045,'steve_house','house111'),
(153046,'hope_mckenzie','mckenzie111'),
(153047,'eliot_mathews','mathews111'),
(153048,'edgar_harrison','harrison111'),
(153049,'roger_moore','moore111'),
(153050,'peter_schneider','schneider111'),
(153051,'andrew_whitney','whitney111'),
(153052,'tyler_long','long111'),
(153053,'earl_johnson','johnson111'),
(153054,'denzel_white','white111'),
(153055,'rick_dunlop','dunlop111'),
(153056,'robert_marsh','marsh111'),
(153057,'joseph_carter','carter111'),
(153058,'marcel_finch','finch111'),
(153059,'denis_bitty','bitty111'),
(153060,'randy_ramirez','ramirez111'),
(153061,'david_cline','cline111'),
(153062,'marc_moody','moody111'),
(153063,'jack_wallace','wallace111'),
(153064,'edgar_galvan','galvan111'),
(153065,'jose_perez','perez111'),
(153066,'seamus_estrada','estrada111'),
(153067,'joel_foley','foley111'),
(153068,'bill_howard','howard111'),
(153069,'spencer_callahan','callahan111'),
(153070,'ben_potter','potter111'),
(153071,'lyndon_brown','brown111'),
(153072,'lester_perkins','perkins111'),
(153073,'oliver_rogers','rogers111'),
(153074,'edwin_gilmore','gilmore111'),
(153075,'floyd_williams','williams111'),
(153076,'james_miller','miller111'),
(153077,'jeremy_monroe','monroe111'),
(153078,'frederick_holman','holman111'),
(153079,'conrad_hall','hall111'),
(153080,'erin_donnelly','donnelly111'),
(153081,'conor_reed','reed111'),
(153082,'steven_lewis','lewis111'),
(153083,'jared_haynes','haynes111'),
(153084,'kyle_young','young111'),
(153085,'damian_rhodes','rhodes111'),
(153086,'dillan_torres','torres111'),
(153087,'wesley_winter','winter111'),
(153088,'viktor_hurst','hurst111'),
(153089,'maximilian_barlow','barlow111'),
(153090,'kurt_scott','scott111'),
(153091,'lucas_barrett','barrett111'),
(153092,'luke_potts','potts111'),
(153093,'harry_merritt','merritt111'),
(153094,'harold_francis','francis111'),
(153095,'ryan_carlson','carlson111'),
(153096,'daniel_miles','miles111'),
(153097,'oliver_pearson','pearson111'),
(153098,'henri_jacobson','jacobson111'),
(153099,'ricardo_martinez','martinez111'),
(153100,'leo_rivera','rivera111'),
(153101,'eddie_phelps','phelps111'),
(5001,'bingo_brothers','bingo111'),
(5002,'super_cola','cola111'),
(5003,'forest_ltd','forest111'),
(5004,'usa_government','usa111'),
(5005,'philadelphia_inquirer','philadelphia111'),
(5006,'mad_medicals','mad111'),
(5007,'nypd','nypd111'),
(5008,'all_tyres_wheels','alltyres111'),
(5009,'american_constructions','constructions111'),
(5010,'best_phoodie','phoodie111'),
(5011,'detroit_zombie','zombie111'),
(5012,'louis_vegan_restaurant','louis111'),
(5013,'cat_shop','cat111'),
(5014,'kind_things','kind111'),
(5015,'alfa_chance','alfa111'),
(5016,'lots_of_movies','movies111'),
(5017,'middle_class_ltd','middle111'),
(5018,'vladislav_prokopenko','vladislav111'),
(1206,'richard_roberts','roberts111'),
(1207,'william_jones','jones111'),
(1208,'rupert_everett','everett111'),
(153102,'bill_hanson','hanson111'),
(153103,'rick_fox','fox111'),
(153104,'antony_ford','ford111'),
(153105,'sean_willis','willis111'),
(153106,'paul_damon','damon111'),
(5019,'good_decisions','decisions111'),
(5020,'happy_hours','hours111'),
(5021,'night_cowboys','cowboys111');

INSERT INTO logistics.trucks(number,model,capacity,total_operating_time,technical_condition,busy,current_city,current_state)
VALUES
('WAS0982','Kenworth W900',15,3,'OK','YES','New York','New York'),
('ORE2567','Peterbilt 358',15.4,1,'OK','NO','Chicago','Illinois'),
('ALB9834','Dodge LNT1000',16.3,12,'OK','NO','Pittsburgh','Pennsylvania'),
('SDA3490','Peterbilt 358',15.4,18,'OK','NO','Miami','Florida'),
('WSA9999','Peterbilt 352',22,4,'OK','NO','San Diego','California'),
('WIS0000','Autocar A75T',13.5,25,'NOK','NO','Cleveland','Ohio'),
('LGD4578','Mack RS700',17.1,5,'OK','NO','Detroit','Michigan'),
('JCG0195','Peterbilt 348',19.1,11,'OK','NO','Minneapolis','Minnesota'),
('NFG5634','Volvo Titan L4956',20.2,15,'OK','NO','Miami','Florida'),
('WUF1111','Ford F-1100',21.1,8,'OK','YES','on road','on road'),
('ACG9874','Autocar A64',12.1,12,'OK','NO','New York','New York'),
('CVC3486','Volvo F89',17.5,1,'OK','NO','Houston','Texas'),
('GED4891','Peterbilt 359',19.5,22,'OK','NO','Minneapolis','Minnesota'),
('GXE9571','Peterbilt 348',19.1,2,'OK','NO','Detroit','Michigan'),
('PAS5681','Autocar DC102',14.5,20,'OK','NO','Washington','D.C. Columbia'),
('BEH9217','Volvo F88',17.3,17,'NOK','NO','San Diego','California'),
('ANY3292','Ford HDT-950',20.7,1,'OK','NO','Pittsburgh','Pennsylvania'),
('EYP6781','Ford H-1000',21,4,'OK','NO','Dallas','Texas'),
('XPP3781','Mercedes-Benz LP1620',14.5,8,'OK','NO','Washington','D.C. Columbia'),
('GRE8597','Ford HT-850',16,12,'OK','NO','Atlanta','Georgia'),
('NFG5644','Brockway K459TL',16.7,9,'OK','NO','Tampa','Florida'),
('YNM8721','Peterbilt 358',15.4,6,'OK','NO','Cleveland','Ohio'),
('MOR5673','Mack RS700',17.1,5,'OK','NO','Houston','Texas'),
('LES9821','Volvo F89',17.5,2,'OK','NO','San Diego','California'),
('GWP0258','Autocar A75T',13.5,25,'OK','NO','New York','New York'),
('HGF7325','Ford F-1100',21.1,3,'OK','NO','Pittsburgh','Pennsylvania'),
('ANT9172','Mack RS700',17.1,8,'OK','NO','Washington','D.C. Columbia'),
('NNF6219','Kenworth W900',15,9,'OK','NO','Portland','Oregon'),
('LKE8658','Dodge LNT1000',16.3,21,'NOK','NO','Portland','Oregon'),
('ORE7689','Peterbilt 358',15.4,23,'NOK','NO','Chicago','Illinois'),
('WAX5873','Ford HDT-950',20.7,5,'OK','NO','Miami','Florida'),
('YTR0261','Volvo F88',17.3,7,'OK','NO','San Diego','California'),
('NAR6453','Volvo Titan L4956',20.2,11,'OK','NO','Atlanta','Georgia'),
('FDE6891','Mack RS700',17.1,15,'OK','NO','Tampa','Florida'),
('MIN3297','Peterbilt 352',22,8,'OK','NO','Pittsburgh','Pennsylvania'),
('GRT2872','Autocar DC102',14.5,10,'NOK','NO','Albuquerque','New Mexico'),
('HIT6835','Autocar A64',12.1,4,'OK','NO','Pittsburgh','Pennsylvania'),
('JER5471','Peterbilt 358',15.4,6,'OK','NO','Minneapolis','Minnesota'),
('NET9473','Dodge LNT1000',16.3,15,'OK','NO','Detroit','Michigan'),
('LLE3275','Kenworth W900',15,14,'OK','NO','Houston','Texas'),
('DGT2093','Peterbilt 348',19.1,4,'OK','NO','Washington','D.C. Columbia'),
('TFE0310','Volvo F88',17.3,3,'OK','NO','Portland','Oregon'),
('URE0201','Ford HT-850',16,9,'OK','NO','San Antonio','Texas'),
('LKO1040','Brockway K459TL',16.7,12,'OK','NO','Cleveland','Ohio'),
('MJE3096','Mack RS700',17.1,6,'OK','NO','Miami','Florida'),
('MKA7810','Ford H-1000',21,3,'OK','NO','San Diego','California'),
('AJR4591','Autocar DC102',14.5,14,'NOK','NO','Albuquerque','New Mexico'),
('EVG3697','Peterbilt 348',19.1,15,'OK','NO','San Antonio','Texas'),
('RTU8143','Volvo F89',17.5,8,'OK','NO','New York','New York'),
('WBD3272','Ford F-1100',21.1,4,'OK','NO','Charlotte','North Carolina'),
('VXD4141','Volvo Titan L4956',20.2,11,'NOK','NO','Detroit','Michigan'),
('TRH5554','Volvo F88',17.3,14,'OK','NO','Detroit','Michigan'),
('UIE8132','Autocar DC102',14.5,17,'OK','NO','Tampa','Florida'),
('QDF5648','Ford H-1000',21,1,'OK','NO','Miami','Florida'),
('PLR8542','Peterbilt 359',19.5,3,'OK','NO','Syracuse','New York'),
('HTW4214','Volvo Titan L4956',20.2,15,'OK','NO','Washington','D.C. Columbia'),
('LKO4987','Peterbilt 348',19.1,6,'OK','NO','San Antonio','Texas'),
('OPE5689','Volvo F88',17.3,3,'OK','NO','Houston','Texas'),
('NHR2378','Ford F-1100',21.1,7,'OK','NO','Miami','Florida'),
('TYU6785','Autocar A75T',13.5,12,'OK','NO','Dallas','Texas'),
('NKO8795','Dodge LNT1000',16.3,16,'OK','NO','Washington','D.C. Columbia'),
('PEB3361','Kenworth W900',15,18,'OK','NO','Atlanta','Georgia'),
('WDM4501','Autocar A64',12.1,1,'OK','NO','Tampa','Florida'),
('XCH9912','Ford HT-850',16,3,'OK','NO','San Diego','California'),
('JRL8734','Peterbilt 348',19.1,7,'OK','NO','Minneapolis','Minnesota'),
('LRP9011','Peterbilt 348',19.1,9,'OK','NO','Pittsburgh','Pennsylvania'),
('VFE7433','Autocar DC102',14.5,4,'OK','NO','Portland','Oregon'),
('MQU8904','Volvo F89',17.5,15,'OK','NO','Jacksonville','Florida'),
('OEY4507','Peterbilt 348',19.1,7,'NOK','NO','Albuquerque','New Mexico'),
('PYR3433','Peterbilt 352',22,12,'OK','NO','Washington','D.C. Columbia'),
('XMF7843','Volvo Titan L4956',20.2,5,'OK','NO','Dallas','Texas'),
('RGT8367','Ford HT-850',16,8,'OK','NO','Orlando','Florida'),
('HEK2270','Kenworth W900',15,14,'OK','NO','San Antonio','Texas'),
('WUR3199','Mack RS700',17.1,17,'OK','NO','Salt Lake City','Utah'),
('LRI8579','Peterbilt 352',22,3,'OK','NO','Portland','Oregon'),
('PEF8271','Autocar DC102',14.5,11,'OK','NO','Minneapolis','Minnesota'),
('FOR5454','Ford H-1000',21,16,'OK','NO','San Diego','California'),
('QCN2684','Volvo F88',17.3,1,'OK','NO','New York','New York'),
('KRY9125','Ford F-1100',21.1,15,'OK','NO','Washington','D.C. Columbia'),
('YUI7459','Kenworth W900',15,5,'NOK','NO','Cleveland','Ohio'),
('FRY8785','Volvo Titan L4956',20.2,3,'OK','NO','Atlanta','Georgia'),
('BOI4197','Brockway K459TL',16.7,4,'OK','NO','Washington','D.C. Columbia'),
('MUR3673','Volvo F88',17.3,12,'OK','NO','Orlando','Florida'),
('SOI1209','Peterbilt 348',19.1,6,'OK','NO','San Antonio','Texas'),
('OLK3194','Mack RS700',17.1,8,'OK','NO','Portland','Oregon'),
('RNG6091','Volvo F89',17.5,12,'NOK','NO','San Antonio','Texas'),
('THO8134','Ford F-1100',21.1,4,'OK','NO','Washington','D.C. Columbia'),
('KFR1567','Mack RS700',17.1,3,'OK','NO','Cleveland','Ohio'),
('LKE3904','Dodge LNT1000',16.3,12,'OK','NO','Minneapolis','Minnesota'),
('OIK1703','Volvo Titan L4956',20.2,5,'OK','NO','Pittsburgh','Pennsylvania'),
('ADF2654','Volvo F88',17.3,3,'OK','NO','Atlanta','Georgia'),
('ROD7890','Peterbilt 352',22,14,'OK','NO','Orlando','Florida'),
('NFR0541','Ford HDT-950',20.7,9,'OK','NO','Dallas','Texas'),
('OLU4679','Volvo F89',17.5,5,'OK','NO','Cleveland','Ohio'),
('QQE5542','Peterbilt 348',19.1,12,'OK','NO','Chicago','Illinois'),
('HEH9454','Autocar A75T',13.5,15,'NOK','NO','Detroit','Michigan'),
('JOW4475','Volvo Titan L4956',20.2,3,'OK','NO','Cleveland','Ohio'),
('OKW0154','Ford F-1100',21.1,11,'NOK','NO','Houston','Texas'),
('YRT5507','Kenworth W900',15,15,'OK','NO','San Diego','California'),
('KOL1177','Brockway K459TL',16.7,4,'OK','NO','Miami','Florida'),
('RTE5555','Peterbilt 352',22,7,'OK','NO','New York','New York');

INSERT INTO logistics.customers(customer_authentication_id,customer_name,phone,email)
VALUES
(5001,'Bingo Brothers','+1 245 217 9585','bingo_brothers@gmail.com'),
(5002,'Super Cola','+1 383 553 8172','super_cola@gmail.com'),
(5003,'Forest Ltd.','+1 941 761 0983','forest_ltd@gmail.com'),
(5004,'USA Gogernment','+1 444 904 0780','usa_government@gmail.com'),
(5005,'Philadelphia Inquirer','+1 638 470 3675','philadelphia_inquirer@gmail.com'),
(5006,'Mad Medicals','+1 904 309 0358','mad_medicals@gmail.com'),
(5007,'New York Police Department','+1 793 935 7643','nypd@gmail.com'),
(5008,'All Tyres & Wheels','+1 455 711 0437','all_tyres_wheels@gmail.com'),
(5009,'American Constructions','+1 781 561 0541','american_constructions@gmail.com'),
(5010,'Best Foodie in the World','+1 608 793 3412','best_phoodie@gmail.com'),
(5011,'Detroit Zombie','+1 881 918 7483','detroit_zombie@gmail.com'),
(5012,'Louis Vegan Restaurant','+1 345 831 3831','louis_vegan_restaurant@gmail.com'),
(5013,'Cat shop','+1 505 617 2757','cat_shop@gmail.com'),
(5014,'Kind things','+1 489 804 3475','kind_things@gmail.com'),
(5015,'Alfa Chance','+1 315 719 4587','alfa_chance@gmail.com'),
(5016,'Lots of Movies','+1 589 991 7801','lots_of_movies@gmail.com'),
(5017,'Middle Class Ltd.','+1 409 431 8791','middle_class_ltd@gmail.com'),
(5018,'Vladislav Prokopenko','+1 311 784 9762','vladislavprokopenko1@gmail.com');

INSERT INTO logistics.orders(order_customer_id,category,weight,status,start_date_time,limit_date_time,assigned_truck_number,driver_comment)
VALUES
(5002,'Bottled beverages',12.4,'CONFIRMED',null,'2023-12-20 19:00:00','WAS0982',null),
(5004,'Papers',10.3,'NEW',null,'2023-12-18 15:00:00',null,null),
(5013,'Pet products',15.1,'NEW',null,'2023-12-28 19:00:00',null,null),
(5007,'Weapons',11.3,'ON_ROAD','2023-11-16 11:00:00','2023-12-17 20:00:00','WUF1111',null),
(5017,'Clothes',16.4,'NEW',null,'2023-12-21 14:00:00',null,null),
(5008,'Car components',10.1,'NEW',null,'2023-12-23 17:00:00',null,null),
(5001,'Grocery',17.7,'NEW',null,'2023-12-31 23:00:00',null,null),
(5006,'Drugs',12.2,'COMPLETED','2023-11-12 10:00:00','2024-01-01 20:00:00','GXE9571',null),
(5010,'Food',12.2,'NEW',null,'2024-02-05 16:00:00',null,null),
(5003,'Wood',11.8,'NEW',null,'2024-01-03 15:00:00',null,null),
(5005,'Papers',12,'NEW',null,'2023-12-25 17:00:00',null,null),
(5015,'Technical equipment',14.4,'NEW',null,'2023-12-21 11:00:00',null,null),
(5018,'Something strange',11,'NEW',null,'2023-12-26 15:00:00',null,null),
(5016,'Discs',14.8,'NEW',null,'2023-12-28 14:00:00',null,null),
(5009,'Construction materials',12.9,'EXPECT_DRIVERS_CONFIRMATION',null,'2023-12-19 19:00:00',null,null),
(5001,'Grocery',12.8,'NEW',null,'2023-12-17 18:00:00',null,null),
(5012,'Food',8.9,'NEW',null,'2023-12-21 19:00:00',null,null),
(5006,'Drugs',9.1,'NEW',null,'2024-02-05 19:00:00',null,null),
(5010,'Bottled beverages',15,'NEW',null,'2024-01-03 17:00:00',null,null);

INSERT INTO logistics.cargos(order_for_cargo_id,cargo_name,weight,start_city,start_state,start_address,loaded,final_city,final_state,final_address,unloaded,expected_completion_date_time,real_completion_date_time)
VALUES
(12001,'Super Cola',5.3,'New York','New York','545 Targee St, Staten Island','NO','Philadelphia','Pennsylvania','2027 Fairmount Ave','NO',null,null),
(12001,'Super Water',7.1,'New York','New York','545 Targee St, Staten Island','NO','Washington','D.C. Columbia','1600 Pennsylvania Avenue NW','NO',null,null),
(12002,'Diplomas',7.3,'Pittsburgh','Pennsylvania','2129 Bedford Ave','NO','Columbus','Ohio','480 E Broad St','NO',null,null),
(12002,'Researches',3,'Pittsburgh','Pennsylvania','2129 Bedford Ave','NO','Indianapolis','Indiana','55 E Michigan St','NO',null,null),
(12003,'Cat food',11.1,'Chicago','Illinois','7535 S Ashland Ave','NO','Springfield','Illinois','2115 S MacArthur Blvd','NO',null,null),
(12003,'Cat toys',4,'Chicago','Illinois','7535 S Ashland Ave','NO','Memphis','Tennessee','3050 Central Ave','NO',null,null),
(12004,'Shotguns',5.5,'Washington','D.C. Columbia','1600 21st St NW','YES','Kansas City','Missouri','2475 Grand Blvd','NO','2023-11-17 04:00:00',null),
(12004,'Pistols',5.8,'Washington','D.C. Columbia','1601 21st St NW','YES','San Francisco','California','2550 Mission St','NO','2023-11-18 09:00:00',null),
(12005,'Suits',12,'Miami','Florida','450 NW 37th Ave','NO','Kansas City','Missouri','3831 E 43rd St','NO',null,null),
(12005,'Ties',4.4,'Miami','Florida','450 NW 37th Ave','NO','Seattle','Washington','506 2nd Ave','NO',null,null),
(12006,'Tyres',7,'San Diego','California','4320 Viewridge Ave','NO','Omaha','Nebraska','1606 S 72nd St','NO',null,null),
(12006,'Wheels',3.1,'San Diego','California','4320 Viewridge Ave','NO','Boston','Massachusetts','465 Huntington Ave','NO',null,null),
(12007,'Tea',12.3,'Houston','Texas','1001 Bissonnet St','NO','Denver','Colorado','860 N Broadway','NO',null,null),
(12007,'Coffee',5.4,'Houston','Texas','1001 Bissonnet St','NO','Seattle','Washington','330 19th Ave E','NO',null,null),
(12008,'Paracetamol',5.8,'Cleveland','Ohio','3159 W 11th St','YES','Chicago','Illinois','6130 S Wolcott Ave','YES','2023-11-12 16:00:00','2023-11-12 16:30:00'),
(12008,'Antibiotics',8.3,'Cleveland','Ohio','3159 W 11th St','YES','Milwaukee','Wisconsin','400 W Canal St','YES','2023-11-12 19:00:00','2023-11-12 20:00:00'),
(12009,'Marcipans',7.7,'Detroit','Michigan','14708 Mack Ave','NO','Indianapolis','Indiana','123 W Louisiana St','NO',null,null),
(12009,'Wines',4.5,'Detroit','Michigan','14708 Mack Ave','NO','Los Angeles','California','900 Exposition Blvd','NO',null,null),
(12010,'Birch firewood',5.5,'Minneapolis','Minnesota','2600 Park Ave','NO','Kansas City','Missouri','4525 Oak St','NO',null,null),
(12010,'Maple panels',6.3,'Minneapolis','Minnesota','2600 Park Ave','NO','Phoenix','Arizona','1625 N Central Ave','NO',null,null),
(12011,'Newspapers',12,'Pittsburgh','Pennsylvania','20 S 10th St','NO','Philadelphia','Pennsylvania','100 S. Independence Mall West','NO',null,null),
(12012,'Water equipment',14.4,'Cleveland','Ohio','4308 Franklin Blvd','NO','Philadelphia','Pennsylvania','6026 Germantown Ave','NO',null,null),
(12013,'Strange stuff',11,'Dallas, Texas','Texas','7015 Snider Plaza #110','NO','San Francisco','California','199 Museum Way','NO',null,null),
(12014,'Blu-ray discs',14.8,'Washington','D.C. Columbia','524 Rhode Island Ave NE','NO','Kansas City','Missouri','6200 Independence Ave','NO',null,null),
(12015,'Concrete plates',12.9,'Atlanta','Georgia','225 Baker St NW','NO','Memphis','Tennessee','3050 Central Ave','NO',null,null),
(12016,'Preserves',12.8,'Tampa','Florida','4801 E Fowler Ave','NO','Atlanta','Georgia','835 M.L.K. Jr Dr NW','NO',null,null),
(12017,'Vegan meat',8.9,'Orlando','Florida','777 E Princeton St','NO','Nashville','Tennessee','900 Rosa L Parks Blvd','NO',null,null),
(12018,'Vitamins',9.1,'New Orleans','Louisiana','4301 Chef Menteur Hwy','NO','Dallas','Texas','1717 N Harwood St','NO',null,null),
(12019,'Wines',15,'Albuquerque','New Mexico','2401 12th St NW','NO','Las Vegas','Nevada','7501 Washington Ave','NO',null,null);

INSERT INTO logistics.drivers(driver_authentication_id,name,surname,work_experience,working_hours_in_current_month,status,busy,
current_city,current_state,current_truck_number,current_order_id)
VALUES
(153001,'Charley','Adams',15,0,'REST','NO','New York','New York',null,null),
(153002,'Lincoln','Ballard',3,20,'REST','NO','Chicago','Illinois',null,null),
(153003,'Spencer','Allen',22,5,'REST','NO','Washington','D.C. Columbia',null,null),
(153004,'Duncan','Dixon',1,174,'REST','NO','San Diego','California',null,null),
(153005,'Ricardo','Middleton',3,150,'REST','NO','Cleveland','Ohio',null,null),
(153006,'Luc','Tyler',4,50,'REST','NO','Pittsburgh','Pennsylvania',null,null),
(153007,'Pablo','Chavez',7,8,'REST','NO','Chicago','Illinois',null,null),
(153008,'Laurence','King',6,48,'REST','NO','Miami','Florida',null,null),
(153009,'Lester','Kelly',11,120,'REST','NO','San Diego','California',null,null),
(153010,'Arthur','Collins',18,8,'REST','YES','New York','New York','WAS0982',12001),
(153011,'Ross','Sullivan',17,172,'REST','NO','Pittsburgh','Pennsylvania',null,null),
(153012,'Erica','Sanchez',4,100,'REST','NO','Houston','Texas',null,null),
(153013,'Steven','Taylor',30,49,'REST','NO','Detroit','Michigan',null,null),
(153014,'Sid','Larson',28,18,'REST','NO','Dallas','Texas',null,null),
(153015,'John','Short',15,155,'REST','NO','Atlanta','Georgia',null,null),
(153016,'Edgar','Morgan',3,10,'REST','NO','Miami','Florida',null,null),
(153017,'Jerry','Griffith',7,90,'REST','NO','Pittsburgh','Pennsylvania',null,null),
(153018,'Chester','Bowman',16,145,'REST','NO','San Antonio','Texas',null,null),
(153019,'Victor','Bruce',11,175,'REST','NO','Dallas','Texas',null,null),
(153020,'Douglas','Wall',8,100,'REST','NO','Houston','Texas',null,null),
(153021,'Madison','Connor',1,65,'REST','NO','Minneapolis','Minnesota',null,null),
(153022,'Virginia','Marshall',15,32,'REST','NO','Pittsburgh','Pennsylvania',null,null),
(153023,'Adrian','Stafford',19,80,'REST','NO','San Diego','California',null,null),
(153024,'Douglas','Bright',21,0,'REST','NO','Chicago','Illinois',null,null),
(153025,'Max','Wilson',5,32,'REST','YES','on road','on road','WUF1111',12004),
(153026,'Todd','Holloway',8,99,'REST','NO','Pittsburgh','Pennsylvania',null,null),
(153027,'Tomas','Noble',4,170,'REST','NO','San Antonio','Texas',null,null),
(153028,'Joshua','Connolly',9,132,'REST','NO','Detroit','Michigan',null,null),
(153029,'Wade','Durham',17,45,'REST','NO','Cleveland','Ohio',null,null),
(153030,'Damien','Herman',15,25,'REST','NO','Dallas','Texas',null,null),
(153031,'Brendon','Morales',1,63,'REST','NO','New York','New York',null,null),
(153032,'Norman','Preston',12,175,'REST','NO','Washington','D.C. Columbia',null,null),
(153033,'Ricky','Jennings',16,120,'REST','NO','Pittsburgh','Pennsylvania',null,null),
(153034,'Lenny','Johns',17,176,'REST','NO','Orlando','Florida',null,null),
(153035,'Clark','Mitchell',14,9,'REST','NO','Houston','Texas',null,null),
(153036,'Harley','Henderson',6,31,'REST','NO','Detroit','Michigan',null,null),
(153037,'Dawson','Tate',10,68,'REST','NO','San Diego','California',null,null),
(153038,'Gerald','Rowland',20,31,'REST','NO','Chicago','Illinois',null,null),
(153039,'Sebastien','Webb',11,85,'REST','NO','Detroit','Michigan',null,null),
(153040,'Mario','Bird',17,101,'REST','NO','Anaheim','California',null,null),
(153041,'Jonathan','Campbell',3,155,'REST','NO','Cleveland','Ohio',null,null),
(153042,'Mathew','Stone',21,145,'REST','NO','Portland','Oregon',null,null),
(153043,'Walter','Lloyd',1,109,'REST','NO','Miami','Florida',null,null),
(153044,'Ernest','Carrillo',9,121,'REST','NO','Dallas','Texas',null,null),
(153045,'Steve','House',4,52,'REST','NO','Minneapolis','Minnesota',null,null),
(153046,'Hope','McKenzie',15,79,'REST','NO','Pittsburgh','Pennsylvania',null,null),
(153047,'Eliot','Mathews',7,175,'REST','NO','Orlando','Florida',null,null),
(153048,'Edgar','Harrison',9,8,'REST','NO','New York','New York',null,null),
(153049,'Roger','Moore',30,95,'REST','NO','Pittsburgh','Pennsylvania',null,null),
(153050,'Peter','Schneider',21,71,'REST','NO','New Orleans','Louisiana',null,null),
(153051,'Andrew','Whitney',25,145,'REST','NO','San Antonio','Texas',null,null),
(153052,'Tyler','Long',7,169,'REST','NO','Oakland','California',null,null),
(153053,'Earl','Johnson',3,1,'REST','NO','Atlanta','Georgia',null,null),
(153054,'Denzel','White',18,72,'REST','NO','Houston','Texas',null,null),
(153055,'Rick','Dunlop',4,64,'REST','NO','San Diego','California',null,null),
(153056,'Robert','Marsh',20,12,'REST','NO','Miami','Florida',null,null),
(153057,'Joseph','Carter',15,94,'REST','NO','New Orleans','Louisiana',null,null),
(153058,'Marcel','Finch',19,108,'REST','NO','Cleveland','Ohio',null,null),
(153059,'Denis ','Bitty',6,12,'REST','NO','Detroit','Michigan',null,null),
(153060,'Randy','Ramirez',10,18,'REST','NO','Albuquerque','New Mexico',null,null),
(153061,'David','Cline',4,59,'REST','NO','Dallas','Texas',null,null),
(153062,'Marc','Moody',15,73,'REST','YES','on road','on road','WUF1111',12004),
(153063,'Jack','Wallace',9,14,'REST','NO','New Orleans','Louisiana',null,null),
(153064,'Edgar','Galvan',11,111,'REST','NO','Atlanta','Georgia',null,null),
(153065,'Jose','Perez',21,156,'REST','NO','Albuquerque','New Mexico',null,null),
(153066,'Seamus','Estrada',5,45,'REST','NO','Cleveland','Ohio',null,null),
(153067,'Joel','Foley',14,156,'REST','NO','Houston','Texas',null,null),
(153068,'Bill','Howard',4,136,'REST','NO','Portland','Oregon',null,null),
(153069,'Spencer','Callahan',15,100,'REST','NO','Chicago','Illinois',null,null),
(153070,'Ben','Potter',5,47,'REST','NO','New York','New York',null,null),
(153071,'Lyndon','Brown',8,65,'REST','NO','Albuquerque','New Mexico',null,null),
(153072,'Lester','Perkins',10,21,'REST','NO','Miami','Florida',null,null),
(153073,'Oliver','Rogers',7,38,'REST','NO','Charlotte','North Carolina',null,null),
(153074,'Edwin','Gilmore',16,76,'REST','NO','Minneapolis','Minnesota',null,null),
(153075,'Floyd','Williams',9,26,'REST','NO','Jacksonville','Florida',null,null),
(153076,'James','Miller',11,29,'REST','NO','Stockton','California',null,null),
(153077,'Jeremy','Monroe',15,107,'REST','NO','Cleveland','Ohio',null,null),
(153078,'Frederick','Holman',19,1,'REST','NO','Thornton','California',null,null),
(153079,'Conrad','Hall',4,167,'REST','NO','Buffalo','New York',null,null),
(153080,'Erin','Donnelly',7,103,'REST','NO','Pittsburgh','Pennsylvania',null,null),
(153081,'Conor','Reed',15,52,'REST','NO','Cleveland','Ohio',null,null),
(153082,'Steven','Lewis',10,98,'REST','NO','Minneapolis','Minnesota',null,null),
(153083,'Jared','Haynes',21,142,'REST','NO','Houston','Texas',null,null),
(153084,'Kyle','Young',5,121,'REST','NO','Washington','D.C. Columbia',null,null),
(153085,'Damian','Rhodes',8,28,'REST','NO','Sacramento','California',null,null),
(153086,'Dillan','Torres',17,105,'REST','NO','San Diego','California',null,null),
(153087,'Wesley','Winter',6,78,'REST','NO','Miami','Florida',null,null),
(153088,'Viktor','Hurst',10,125,'REST','NO','Atlanta','Georgia',null,null),
(153089,'Maximilian','Barlow',23,136,'REST','NO','Stevensville','Montana',null,null),
(153090,'Kurt','Scott',1,174,'REST','NO','Cleveland','Ohio',null,null),
(153091,'Lucas','Barrett',3,145,'REST','NO','Washington','D.C. Columbia',null,null),
(153092,'Luke','Potts',7,38,'REST','NO','Portland','Oregon',null,null),
(153093,'Harry','Merritt',10,76,'REST','NO','Minneapolis','Minnesota',null,null),
(153094,'Harold','Francis',15,85,'REST','NO','Detroit','Michigan',null,null),
(153095,'Ryan','Carlson',21,25,'REST','NO','Houston','Texas',null,null),
(153096,'Daniel','Miles',5,170,'REST','NO','Chicago','Illinois',null,null),
(153097,'Oliver','Pearson',9,158,'REST','NO','San Antonio','Texas',null,null),
(153098,'Henri','Jacobson',11,155,'REST','NO','New York','New York',null,null),
(153099,'Ricardo','Martinez',25,16,'REST','NO','San Diego','California',null,null),
(153100,'Leo','Rivera',3,173,'REST','NO','Washington','D.C. Columbia',null,null),
(153101,'Eddie','Phelps',5,59,'REST','NO','Pittsburgh','Pennsylvania',null,null);

INSERT INTO logistics.logisticians(logistician_authentication_id,name,surname)
VALUES
(1201,'Joseph','Green'),
(1202,'Ronald','Watson'),
(1203,'Anthony','Gray'),
(1204,'Mark','Sanders'),
(1205,'Thomas','Price');